# 1 | 처음 뵙겠습니다 | Rất vui được gặp bạn lần đầu
## Thông tin cá nhân | 개인 정보
성명	họ và tên	tính danh	서류에 __성명__을 쓰세요.
성별	giới tính	tính biệt	__성별__에 '남' 또는 '여'를 쓰세요.
생년월일	ngày tháng năm sinh	sinh niên nguyệt nhật	__생년월일__이 어떻게 되세요?
직업	nghề nghiệp	chức nghiệp	__직업__이 뭐예요?
국적	quốc tịch	quốc tịch	__국적__이 어디예요? 베트남이에요.
종교	tôn giáo	tông giáo	저는 __종교__가 없어요.
연락처	thông tin liên lạc	liên lạc xứ	__연락처__를 남겨 주세요.
주소	địa chỉ	trú sở	집 __주소__를 알려 주세요.
전화	điện thoại	điện thoại	저녁에 __전화__ 주세요.
이메일	email		__이메일__로 서류를 보냈어요.
## Trạng từ chỉ tần suất | 빈도 부사
매일	mỗi ngày	mỗi nhật	저는 __매일__ 아침에 운동해요.
매주	mỗi tuần	mỗi chu	__매주__ 토요일에 한국어를 배워요.
매달	mỗi tháng	mỗi	__매달__ 부모님께 돈을 보내요.
매년	mỗi năm	mỗi niên	__매년__ 여름에 바다에 가요.
항상	luôn luôn	hằng thường	그 친구는 __항상__ 웃어요.
자주	thường xuyên		저는 그 카페에 __자주__ 가요.
가끔	thỉnh thoảng		__가끔__ 고향 음식이 먹고 싶어요.
별로	không... lắm	biệt	그 영화는 __별로__ 재미없었어요.
전혀	hoàn toàn không	toàn	저는 술을 __전혀__ 못 마셔요.
# 2 | 취미가 뭐예요? | Sở thích của bạn là gì?
## Sở thích & Hoạt động | 취미
사진을 찍다	chụp ảnh		바다 앞에서 __사진을 찍었어요__.
음악을 듣다	nghe nhạc	âm nhạc	쉬는 날에는 __음악을 들어요__.
음악 감상	thưởng thức âm nhạc	âm nhạc giám thưởng	제 취미는 __음악 감상__이에요.
춤을 추다	nhảy múa		파티에서 친구들과 __춤을 췄어요__.
그림을 그리다	vẽ tranh		동생은 __그림을 잘 그려요__.
인형을 모으다	sưu tầm búp bê	nhân hình	제 동생은 __인형을 모아요__.
인터넷을 하다	lướt internet		밤늦게까지 __인터넷을 했어요__.
영화 감상	xem phim	ánh họa giám thưởng	주말에는 집에서 __영화 감상__을 해요.
독서	đọc sách	độc thư	가을은 __독서__의 계절이에요.
등산	leo núi	đăng sơn	토요일에 __등산__을 가요.
여행	du lịch	lữ hành	방학에 제주도로 __여행__을 가요.
요리	nấu ăn	liệu lý	저는 __요리__를 잘 못해요.
낚시	câu cá		아버지는 주말마다 __낚시__를 가세요.
운동	thể thao, tập thể dục	vận động	건강을 위해 __운동__을 해요.
컴퓨터 게임	chơi game máy tính		동생은 __컴퓨터 게임__을 너무 많이 해요.
## Trạng từ chỉ mức độ | 정도 부사
아주	rất		오늘은 __아주__ 바빠요.
별로	không... lắm	biệt	그 영화는 __별로__ 재미없었어요.
전혀	hoàn toàn không	toàn	저는 술을 __전혀__ 못 마셔요.
# 3 | 콘서트에 가 봤어요? | Bạn đã từng đi xem hòa nhạc chưa?
## Văn hóa & Biểu diễn | 문화 & 공연
콘서트	buổi hòa nhạc (Concert)		좋아하는 가수의 __콘서트__에 가 봤어요.
음악회	buổi biểu diễn âm nhạc	âm nhạc hội	학교에서 __음악회__가 열려요.
연극	vở kịch	diễn kịch	대학로에서 __연극__을 봤어요.
뮤지컬	nhạc kịch		__뮤지컬__ 표가 너무 비싸요.
전시회	triển lãm	triển thị hội	미술관에서 그림 __전시회__를 해요.
축제	lễ hội	chúc tế	가을에 학교 __축제__가 있어요.
불꽃놀이	bắn pháo hoa		한강에서 __불꽃놀이__를 구경했어요.
사물놀이	nhạc cụ truyền thống Samulnori	tứ vật	__사물놀이__ 공연이 정말 신났어요.
박물관	viện bảo tàng	bác vật quán	주말에 국립중앙 __박물관__에 가 봤어요.
미술관	bảo tàng nghệ thuật	mỹ thuật quán	주말에 __미술관__에서 그림을 봤어요.
공연장	nhà hát, nơi biểu diễn	công diễn trường	__공연장__ 앞에 사람이 많아요.
놀이공원	công viên giải trí	công viên	어린이날에 __놀이공원__에 갔어요.
## Trải nghiệm & Hoạt động | 경험
배낭여행	du lịch ba lô	bối nang lữ hành	방학에 유럽으로 __배낭여행__을 갔어요.
아르바이트	làm thêm, việc bán thời gian		저는 주말에 카페에서 __아르바이트__를 해요.
번지 점프	nhảy Bungee		__번지 점프__를 해 본 적이 있어요?
스쿠버 다이빙	lặn biển (Scuba diving)		제주도에서 __스쿠버 다이빙__을 해 봤어요.
## Đơn vị thời gian | 기간
시간	giờ	thời gian	서울에서 부산까지 세 __시간__ 걸려요.
달	tháng		한 __달__에 한 번 고향에 전화해요.
분	phút	phân	10__분__만 기다려 주세요.
일	ngày (đếm ngày)	nhật	여행은 5__일__ 동안 했어요.
주일	tuần	chu nhật	한 __주일__ 동안 휴가예요.
개월	số tháng	cá nguyệt	한국어를 6__개월__ 배웠어요.
년	năm	niên	한국에 산 지 2__년__이 됐어요.
# 4 | 옷이 좀 큰 것 같아요 | Hình như áo hơi rộng
## Trang phục & Phụ kiện | 의복
블라우스	áo blouse		흰 __블라우스__에 검은 치마를 입었어요.
스웨터	áo len		추워서 두꺼운 __스웨터__를 입었어요.
양복	com-lê, âu phục	dương phục	결혼식에 __양복__을 입고 갔어요.
티셔츠	áo phông		여름에는 __티셔츠__를 입어요.
청바지	quần jeans	thanh	저는 __청바지__를 자주 입어요.
양말	tất	dương miệt	__양말__ 두 켤레를 샀어요.
넥타이	cà vạt		아버지께 __넥타이__를 선물했어요.
장갑	găng tay	chưởng hạp	추워서 __장갑__을 꼈어요.
스카프	khăn quàng		목에 __스카프__를 했어요.
모자	mũ, nón	mạo tử	햇빛이 강해서 __모자__를 썼어요.
바지	quần		이 __바지__는 좀 길어요.
치마	váy		동생은 __치마__를 자주 입어요.
원피스	váy liền		파란색 __원피스__가 예뻐요.
코트	áo khoác dài		겨울에는 두꺼운 __코트__를 입어요.
## Động từ mặc / mang | 착용 동사
입다	mặc (quần, áo, váy)		오늘은 청바지를 __입었어요__.
쓰다	đội (mũ), đeo (kính)		눈이 나빠서 안경을 __써요__.
끼다	đeo (găng tay, nhẫn)		추워서 장갑을 __꼈어요__.
하다	đeo (cà vạt, dây chuyền)		오늘은 목걸이를 __했어요__.
신다	đi (giày, dép, tất)		운동화를 __신고__ 나가요.
## Đặc điểm & Đánh giá | 특성 & 평가
사이즈	cỡ, kích cỡ		이 옷은 __사이즈__가 좀 커요.
잘 맞다	vừa vặn		이 바지는 저한테 __잘 맞아요__.
가격	giá cả	giá cách	__가격__이 너무 비싸요.
색깔	màu sắc	sắc	이 __색깔__은 너무 어두워요.
밝다	sáng		저는 __밝은__ 색을 좋아해요.
어둡다	tối		방이 너무 __어두워요__.
길이	độ dài		치마 __길이__가 좀 짧아요.
마음에 들다	vừa ý, thích		이 가방이 정말 __마음에 들어요__.
마음에 안 들다	không vừa ý		이 색깔은 __마음에 안 들어요__.
잘 어울리다	hợp, rất hợp		그 옷이 정말 __잘 어울려요__.
잘 안 어울리다	không hợp		이 모자는 저한테 __잘 안 어울려요__.
# 5 | 어디에 가면 좋을까요? | Nên đi đâu thì tốt nhỉ?
## Thông tin du lịch | 여행 정보
기간	thời gian, kỳ hạn	kỳ gian	여행 __기간__은 일주일이에요.
교통편	phương tiện giao thông	giao thông tiện	제주도까지 __교통편__이 어떻게 돼요?
숙소	nơi lưu trú	túc sở	__숙소__는 바다 근처로 정했어요.
요금	chi phí, cước phí	liệu kim	택시 __요금__이 많이 올랐어요.
일정	lịch trình	nhật trình	여행 __일정__을 짰어요.
항공료	tiền vé máy bay	hàng không liệu	방학에는 __항공료__가 비싸요.
숙박비	tiền phòng, tiền lưu trú	túc bạc phí	__숙박비__는 하루에 10만 원이에요.
식비	tiền ăn	thực phí	여행에서 __식비__가 많이 들었어요.
입장료	vé vào cửa	nhập trường liệu	박물관 __입장료__는 무료예요.
여행자 보험료	phí bảo hiểm du lịch	lữ hành giả bảo hiểm liệu	__여행자 보험료__는 만 원이에요.
## Vé máy bay & Hạng ghế | 항공권
왕복	vé khứ hồi	vãng phục	서울-부산 __왕복__ 기차표를 샀어요.
편도	vé một chiều	phiến đạo	__편도__로 표를 끊었어요.
출발지	điểm xuất phát	xuất phát địa	__출발지__는 서울역이에요.
도착지	điểm đến	đáo trước địa	최종 __도착지__는 부산이에요.
출국	xuất cảnh	xuất quốc	내일 아침에 __출국__해요.
귀국	về nước	quy quốc	유학을 마치고 __귀국__했어요.
일반석	hạng phổ thông	nhất ban tịch	저는 항상 __일반석__을 타요.
비즈니스석	hạng thương gia	tịch	__비즈니스석__은 너무 비싸요.
일등석	hạng nhất	nhất đẳng tịch	__일등석__ 의자는 침대처럼 넓어요.
## Cơ sở lưu trú | 숙박 시설
호텔	khách sạn		바다 앞 __호텔__에서 묵었어요.
콘도	căn hộ nghỉ dưỡng (Condo)		가족과 함께 __콘도__를 빌렸어요.
펜션	biệt thự du lịch (Pension)		친구들과 바닷가 __펜션__에서 묵었어요.
게스트하우스	nhà nghỉ bình dân (Guesthouse)		__게스트하우스__는 싸고 친구를 사귀기 좋아요.
민박	homestay, nhà dân	dân bạc	시골에서 __민박__을 했어요.
# 6 | 비행기로 보내면 얼마예요? | Gửi bằng máy bay thì hết bao nhiêu?
## Nghiệp vụ Bưu điện | 우체국
우표를 붙이다	dán tem	bưu phiếu	봉투에 __우표를 붙였어요__.
주소를 쓰다	viết địa chỉ	trú sở	봉투에 받는 사람 __주소를 쓰세요__.
봉투에 넣다	bỏ vào phong bì	phong sáo	편지를 __봉투에 넣었어요__.
편지를 부치다	gửi thư	tiện chỉ	우체국에서 고향에 __편지를 부쳤어요__.
엽서를 부치다	gửi bưu thiếp	diệp thư	여행지에서 __엽서를 부쳤어요__.
소포를 포장하다	đóng gói bưu kiện	tiểu bao bao trang	우체국에서 상자에 넣어 __소포를 포장했어요__.
## Nghiệp vụ Ngân hàng | 은행
돈을 넣다	gửi tiền vào (tài khoản)		은행에 가서 통장에 __돈을 넣었어요__.
입금	gửi tiền vào (tài khoản)	nhập kim	월급이 통장에 __입금__됐어요.
돈을 찾다	rút tiền		현금 인출기에서 __돈을 찾았어요__.
출금	rút tiền	xuất kim	ATM에서 __출금__했어요.
돈을 바꾸다	đổi tiền		공항에서 __돈을 바꿨어요__.
환전	đổi tiền	hoán tiền	공항에서 달러로 __환전__했어요.
돈을 보내다	chuyển tiền, gửi tiền		부모님께 __돈을 보냈어요__.
송금	chuyển tiền	tống kim	부모님께 돈을 __송금__했어요.
창구	quầy giao dịch	song khẩu	3번 __창구__로 가세요.
현금 인출기	máy rút tiền tự động (ATM)	hiện kim dẫn xuất cơ	__현금 인출기__에서 돈을 찾았어요.
## Giấy tờ & Thẻ thanh toán | 서류 & 카드
신분증	giấy tờ tùy thân	thân phận chứng	통장을 만들려면 __신분증__이 필요해요.
통장	sổ tài khoản ngân hàng	thông trướng	은행에서 __통장__을 만들었어요.
도장	con dấu	đồ chương	여기에 __도장__을 찍으세요.
현금 카드	thẻ ATM, thẻ ghi nợ	hiện kim	__현금 카드__를 잃어버렸어요.
신용 카드	thẻ tín dụng	tín dụng	__신용 카드__로 계산할게요.
# 7 | 한옥마을이 어디에 있는지 아세요? | Bạn có biết làng Hanok ở đâu không?
## Giao통 & Địa điểm | 교통
사거리	ngã tư	tứ	__사거리__에서 왼쪽으로 가세요.
신호등	đèn giao thông	tín hiệu đăng	__신호등__이 초록불일 때 건너세요.
지하철역	ga tàu điện ngầm	địa hạ thiết dịch	집 근처에 __지하철역__이 있어요.
버스 정류장	trạm xe bus	đình lưu trường	__버스 정류장__에서 친구를 기다려요.
택시 정류장	bến taxi	đình lưu trường	역 앞 __택시 정류장__에서 택시를 탔어요.
지하도	đường hầm đi bộ sang đường	địa hạ đạo	__지하도__로 길을 건너세요.
육교	cầu vượt đi bộ	lục kiều	__육교__를 건너면 학교가 있어요.
횡단보도	vạch sang đường	hoành đoạn bộ đạo	__횡단보도__에서 길을 건너세요.
## Chỉ đường & Di chuyển | 길 안내
쭉 가다	đi thẳng một mạch		이 길로 __쭉 가세요__.
직진하다	đi thẳng	trực tiến	사거리에서 __직진하세요__.
왼쪽으로 돌아가다	rẽ trái		은행 앞에서 __왼쪽으로 돌아가세요__.
좌회전하다	rẽ trái	tả hồi chuyển	다음 사거리에서 __좌회전하세요__.
오른쪽으로 돌아가다	rẽ phải		사거리에서 __오른쪽으로 돌아가세요__.
우회전하다	rẽ phải	hữu hồi chuyển	신호등에서 __우회전해__ 주세요.
나가다	đi ra ngoài		3번 출구로 __나가세요__.
건너다	băng qua (đường)		횡단보도에서 길을 __건너세요__.
세우다	dừng xe, tắp xe vào lề		기사님, 저 앞에서 __세워__ 주세요.
# 8 | 정말 속상하겠어요 | Chắc là bạn buồn lòng lắm
## Cảm xúc & Tâm trạng | 감정
기분이 좋다	tâm trạng vui vẻ	khí phân	칭찬을 들어서 __기분이 좋아요__.
기분이 나쁘다	tâm trạng tồi tệ	khí phân	친구가 늦게 와서 __기분이 나빴어요__.
기쁘다	vui mừng		합격 소식을 듣고 정말 __기뻤어요__.
슬프다	buồn		영화가 너무 __슬퍼서__ 울었어요.
즐겁다	vui vẻ, sảng khoái		친구들과 __즐거운__ 시간을 보냈어요.
외롭다	cô đơn		혼자 살아서 가끔 __외로워요__.
창피하다	xấu hổ, ngượng ngùng	xương phi	사람들 앞에서 넘어져서 __창피했어요__.
속상하다	buồn phiền, tức giận		시험을 못 봐서 너무 __속상해요__.
답답하다	bức bối, ngột ngạt		말이 안 통해서 __답답해요__.
긴장되다	căng thẳng, hồi hộp	khẩn trương	면접 전에 너무 __긴장돼요__.
걱정되다	lo lắng		시험 결과가 __걱정돼요__.
화가 나다	nổi giận	hỏa	친구가 거짓말을 해서 __화가 났어요__.
짜증이 나다	bực bội, khó chịu		길이 막혀서 __짜증이 났어요__.
## Trạng thái & Sự cố | 상태 & 사고
놓치다	bỏ lỡ (xe, tàu)		늦게 일어나서 버스를 __놓쳤어요__.
잠이 들다	ngủ thiếp đi		버스에서 __잠이 들어서__ 내릴 곳을 지나쳤어요.
고장이 나다	bị hỏng hóc	cố chướng	컴퓨터가 __고장이 났어요__.
생각이 나다	nhớ ra, chợt nghĩ ra		갑자기 좋은 __생각이 났어요__.
스트레스를 받다	bị căng thẳng (stress)		일이 많아서 __스트레스를 받아요__.
스트레스를 풀다	giải tỏa căng thẳng		노래를 부르면서 __스트레스를 풀어요__.
# 9 | 문의할 게 있는데요 | Tôi có điều muốn hỏi
## Điện thoại & Tin nhắn | 전화 & 문자
전화를 걸다	gọi điện thoại	điện thoại	어머니께 __전화를 걸었어요__.
전화가 오다	có điện thoại gọi đến	điện thoại	수업 중에 __전화가 왔어요__.
전화를 받다	nghe máy	điện thoại	바빠서 __전화를 못 받았어요__.
전화를 바꾸다	chuyển máy	điện thoại	잠깐만요, 어머니께 __전화를 바꿔__ 드릴게요.
통화를 하다	đang trao đổi qua điện thoại	thông thoại	친구와 한 시간 동안 __통화를 했어요__.
전화를 끊다	cúp máy	điện thoại	그럼 __전화 끊을게요__.
문자를 보내다	gửi tin nhắn	văn tự	친구에게 생일 축하 __문자를 보냈어요__.
문자를 받다	nhận tin nhắn	văn tự	은행에서 __문자를 받았어요__.
문자를 지우다	xóa tin nhắn	văn tự	실수로 __문자를 지웠어요__.
## Thắc mắc & Đăng ký | 문의 & 정보
대상	đối tượng	đối tượng	이 수업의 __대상__은 외국인 학생이에요.
장소	địa điểm	trường sở	모임 __장소__가 어디예요?
기간	thời gian, kỳ hạn	kỳ gian	여행 __기간__은 일주일이에요.
참가비	phí tham gia	tham gia phí	__참가비__는 만 원이에요.
접수	tiếp nhận, nhận đăng ký	tiếp thụ	신청서 __접수__는 금요일까지예요.
문의	hỏi đáp, thắc mắc	vấn nghị	자세한 내용은 사무실로 __문의__하세요.
갑자기	đột nhiên		__갑자기__ 비가 왔어요.
정확히	chính xác	chính xác	시간을 __정확히__ 알려 주세요.
궁금하다	thắc mắc, tò mò		한국 문화에 대해 __궁금한__ 것이 많아요.
치료를 받다	nhận điều trị	trị liệu	병원에서 허리 __치료를 받았어요__.
통역	phiên dịch	thông dịch	한국어를 몰라서 친구가 __통역__을 해 줬어요.
