# 10 | 뭐 먹을래? | Bạn muốn ăn gì?
## Các món ăn | 음식
김치찌개	canh kim chi		__김치찌개__가 좀 매워요.
된장찌개	canh tương đậu	tương	엄마가 끓인 __된장찌개__가 제일 맛있어요.
순두부찌개	canh đậu phụ non	thuần đậu hủ	매운 __순두부찌개__를 먹었어요.
감자탕	canh xương khoai tây	thang	추운 날에는 __감자탕__이 생각나요.
매운탕	canh cá cay	thang	바닷가에서 __매운탕__을 먹었어요.
설렁탕	canh xương bò hầm	thang	아침에 따뜻한 __설렁탕__을 먹었어요.
냉면	mì lạnh	lãnh miến	여름에 __냉면__을 자주 먹어요.
칼국수	mì cắt (Kalguksu)		비 오는 날에는 __칼국수__가 맛있어요.
비빔국수	mì trộn		여름에 __비빔국수__를 자주 먹어요.
삼겹살	thịt ba chỉ nướng	tam	친구들과 __삼겹살__을 구워 먹었어요.
떡갈비	chả sườn nướng		__떡갈비__는 달고 부드러워요.
갈비찜	sườn hầm		명절에 어머니가 __갈비찜__을 만드셨어요.
삼계탕	gà hầm sâm	sâm kê thang	복날에 __삼계탕__을 먹어요.
불고기	thịt bò xào ướp (bulgogi)		__불고기__는 달고 맛있어요.
떡볶이	bánh gạo cay		학교 앞에서 __떡볶이__를 사 먹었어요.
## Hương vị | 맛
달다	ngọt		이 케이크는 너무 __달아요__.
짜다	mặn		국이 좀 __짜요__.
쓰다	đắng		약이 너무 __써요__.
시다	chua		레몬이 __셔요__.
맵다	cay		떡볶이가 너무 __매워요__.
## Đánh giá nhà hàng | 식당 평가
맛	hương vị		이 식당은 __맛__이 좋아요.
값	giá cả		그 식당은 __값__이 싸요.
교통	giao thông (đi lại)	giao thông	이 식당은 __교통__이 편해요.
서비스	dịch vụ, phục vụ		이 식당은 __서비스__가 좋아요.
분위기	bầu không khí	phân vi khí	그 카페는 __분위기__가 좋아요.
시키다	gọi món, đặt món		저는 비빔밥을 __시킬게요__.
갖다 주다	mang đến cho		물 좀 __갖다 주세요__.
돈이 아깝다	tiếc tiền		맛이 없어서 __돈이 아까웠어요__.
입에 맞다	vừa miệng, hợp khẩu vị		한국 음식이 __입에 맞아요__?
동갑	bằng tuổi	đồng giáp	우리는 __동갑__이라서 금방 친해졌어요.
반말	lối nói thân mật (nói trống không)	bán	친한 친구끼리는 __반말__을 해요.
말을 놓다	bỏ kính ngữ, nói chuyện thân mật		우리 동갑인데 __말을 놓을까요__?
# 11 | 운동을 좀 해 보는 게 어때요? | Hay là bạn thử tập thể dục xem sao?
## Triệu chứng & Bệnh tật | 증상
감기에 걸리다	bị cảm cúm	cảm khí	추운 날 밖에 있어서 __감기에 걸렸어요__.
기침이 나다	bị ho		감기에 걸려서 __기침이 나요__.
몸살이 나다	đau mỏi toàn thân		일을 너무 많이 해서 __몸살이 났어요__.
속이 안 좋다	đau bụng, khó chịu trong người		어제 술을 마셔서 __속이 안 좋아요__.
입맛이 없다	chán ăn		더워서 __입맛이 없어요__.
멀미를 하다	say xe, say tàu		버스를 오래 타서 __멀미를 했어요__.
토하다	nôn, mửa	thổ	음식을 잘못 먹어서 __토했어요__.
어지럽다	chóng mặt		갑자기 일어나서 __어지러워요__.
붓다	sưng, phù		울어서 눈이 __부었어요__.
짓다	bốc (thuốc), kê (đơn); xây; nấu (cơm)		약국에서 약을 __지었어요__.
젓다	khuấy		커피에 설탕을 넣고 __저으세요__.
## Khoa khám bệnh | 병원
내과	khoa nội	nội khoa	배가 아파서 __내과__에 갔어요.
안과	khoa mắt	nhãn khoa	눈이 아프면 __안과__에 가세요.
치과	nha khoa	xỉ khoa	이가 아파서 __치과__에 가요.
피부과	khoa da liễu	bì phu khoa	얼굴에 뭐가 나서 __피부과__에 갔어요.
정형외과	khoa chấn thương chỉnh hình	chỉnh hình ngoại khoa	다리를 다쳐서 __정형외과__에 갔어요.
이비인후과	khoa tai mũi họng	nhĩ tị yết hầu khoa	목이 아파서 __이비인후과__에 갔어요.
## Thuốc & Y tế | 약
감기약	thuốc cảm	cảm khí dược	약국에서 __감기약__을 샀어요.
두통약	thuốc đau đầu	đầu thống dược	머리가 아파서 __두통약__을 먹었어요.
멀미약	thuốc say xe	dược	배를 타기 전에 __멀미약__을 먹었어요.
소화제	thuốc tiêu hóa	tiêu hóa tễ	과식해서 __소화제__를 먹었어요.
해열제	thuốc hạ sốt	giải nhiệt tễ	열이 나면 __해열제__를 드세요.
안약	thuốc nhỏ mắt	nhãn dược	눈이 건조해서 __안약__을 넣었어요.
파스	cao dán giảm đau		어깨에 __파스__를 붙였어요.
연고	thuốc bôi, thuốc mỡ	nhuyễn cao	상처에 __연고__를 발랐어요.
습관	thói quen	tập quán	좋은 __습관__을 가지는 것이 중요해요.
예방하다	phòng ngừa	dự phòng	손을 자주 씻으면 감기를 __예방할__ 수 있어요.
# 12 | 저는 좀 조용한 편이에요 | Tôi thuộc tuýp người hơi trầm tính
## Ngoại hình | 외모
머리를 자르다	cắt tóc		어제 미용실에서 __머리를 잘랐어요__.
마르다	gầy, mảnh khảnh		동생은 키가 크고 __말랐어요__.
날씬하다	thon thả, mảnh mai		언니는 __날씬해요__.
통통하다	mũm mĩm, mập mạp		아기 볼이 __통통해요__.
마른 편이다	thuộc dạng gầy	tiện	저는 좀 __마른 편이에요__.
## Tính cách | 성격
조용하다	trầm tính, yên tĩnh		저는 좀 __조용한__ 편이에요.
친절하다	thân thiện, tốt bụng	thân thiết	그 가게 직원은 아주 __친절해요__.
활발하다	hoạt bát, năng động	hoạt bát	제 친구는 __활발해서__ 인기가 많아요.
얌전하다	ngoan ngoãn, hiền lành		그 아이는 __얌전하게__ 앉아 있었어요.
착하다	hiền từ, tốt nết		제 동생은 정말 __착해요__.
## Hành vi & Biểu hiện | 행동 및 표현
약속 시간을 지키다	giữ đúng hẹn	ước thúc thời gian	그 친구는 항상 __약속 시간을 지켜요__.
정확하다	chính xác	chính xác	이 시계는 아주 __정확해요__.
글씨를 예쁘게 쓰다	viết chữ đẹp		마이 씨는 __글씨를 예쁘게 써요__.
옷을 멋있게 입다	mặc đẹp, sành điệu		그 사람은 항상 __옷을 멋있게 입어요__.
귀엽게 웃다	cười dễ thương		아기가 __귀엽게 웃어요__.
학교에 자주 늦게 오다	hay đi học muộn	học hiệu	그 학생은 __학교에 자주 늦게 와요__.
# 13 | 주변이 조용해서 살기 좋아요 | Xung quanh yên tĩnh nên sống rất thích
## Loại hình nhà ở | 주거 형태
기숙사	ký túc xá	ký túc xá	저는 학교 __기숙사__에서 살아요.
아파트	chung cư		우리 가족은 __아파트__ 10층에 살아요.
주택	nhà riêng, nhà độc lập	trú trạch	시골에 있는 __주택__으로 이사했어요.
빌라	nhà villa (nhà chung cư thấp tầng)		우리 가족은 3층짜리 __빌라__에 살아요.
원룸	phòng đơn, studio		혼자 __원룸__에서 살아요.
오피스텔	officetel (căn hộ kiêm văn phòng)		회사 근처 __오피스텔__로 이사했어요.
## Cấu trúc nhà | 집의 구조
방	phòng	phòng	제 __방__은 좀 작아요.
거실	phòng khách	cư thất	가족들이 __거실__에서 텔레비전을 봐요.
부엌	nhà bếp		어머니가 __부엌__에서 요리하세요.
화장실	nhà vệ sinh	hóa trang thất	__화장실__이 어디예요?
베란다	ban công		__베란다__에 꽃을 키워요.
현관	lối vào, tiền sảnh (chỗ để giày)	huyền quan	__현관__에서 신발을 벗으세요.
## Điều kiện ở | 주거 조건
방이 넓다	phòng rộng	phòng	이 집은 __방이 넓어요__.
방값이 싸다	tiền phòng rẻ	phòng	학교 근처는 __방값이 싸요__.
새로 짓다	mới xây		__새로 지은__ 아파트라서 깨끗해요.
시설이 잘되어 있다	trang thiết bị tốt	thi thiết	이 기숙사는 __시설이 잘되어 있어요__.
교통이 편리하다	giao thông tiện lợi	giao thông tiện lợi	지하철역이 가까워서 __교통이 편리해요__.
주변이 조용하다	môi trường xung quanh yên tĩnh	chu biên	__주변이 조용해서__ 살기 좋아요.
전망이 좋다	tầm nhìn, view đẹp	triển vọng	이 방은 __전망이 좋아요__.
집주인이 좋다	chủ nhà tốt	chủ nhân	이 집은 __집주인이 좋아요__.
## Chi phí & Thuê nhà | 비용 및 임대
집세	tiền thuê nhà	thế	매달 __집세__를 내요.
식비	tiền ăn	thực phí	한 달 __식비__가 많이 나와요.
교통비	tiền đi lại	giao thông phí	회사가 멀어서 __교통비__가 많이 들어요.
관리비	phí quản lý	quản lý phí	이 아파트는 __관리비__가 비싸요.
전기 요금	tiền điện	điện khí liệu kim	여름에는 __전기 요금__이 많이 나와요.
가스 요금	tiền gas	liệu kim	겨울에 __가스 요금__이 올랐어요.
수도 요금	tiền nước	thủy đạo liệu kim	이번 달 __수도 요금__을 냈어요.
전화 요금	cước điện thoại	điện thoại liệu kim	이번 달 __전화 요금__이 많이 나왔어요.
부동산	văn phòng bất động sản; bất động sản	bất động sản	__부동산__에 가서 집을 알아봤어요.
하숙집	nhà trọ có nấu ăn (hasuk)	hạ túc	대학교 때 __하숙집__에서 살았어요.
구하다	tìm (nhà, việc…)	cầu	학교 근처에서 방을 __구하고__ 있어요.
# 14 | 여기서 사진을 찍어도 돼요? | Tôi chụp ảnh ở đây có được không?
## Lễ nghi ứng xử | 예절
존댓말을 하다	nói kính ngữ	tôn đãi	어른께는 __존댓말을 해야__ 해요.
반말을 하다	nói thân mật, nói trống không	bán	친한 친구에게는 __반말을 해요__.
이름을 부르다	gọi tên		선생님이 제 __이름을 불렀어요__.
한 손으로 받다	nhận bằng một tay		어른이 주시는 것을 __한 손으로 받으면__ 안 돼요.
두 손으로 드리다	trao, tặng bằng hai tay		어른께 물건을 __두 손으로 드려요__.
자리를 양보하다	nhường chỗ	nhượng bộ	지하철에서 할머니께 __자리를 양보했어요__.
다리를 꼬고 앉다	ngồi khoanh chân, vắt chân		어른 앞에서 __다리를 꼬고 앉으면__ 안 돼요.
고개를 돌리고 마시다	ngoảnh mặt đi khi uống nước		어른과 술을 마실 때는 __고개를 돌리고 마셔요__.
고개를 숙여서 인사하다	cúi đầu chào	nhân sự	어른을 만나면 __고개를 숙여서 인사해요__.
## Quy định công cộng | 공중도덕
금연	cấm hút thuốc	cấm yên	이 건물 안은 __금연__입니다.
주차 금지	cấm đỗ xe	trú xa cấm chỉ	여기는 __주차 금지__ 구역이에요.
사진 촬영 금지	cấm chụp ảnh	tả chân toát ảnh cấm chỉ	박물관 안은 __사진 촬영 금지__예요.
음식물 반입 금지	cấm mang đồ ăn thức uống vào	ẩm thực vật ban nhập cấm chỉ	도서관은 __음식물 반입 금지__입니다.
휴대 전화 사용 금지	cấm dùng điện thoại di động	huề đới điện thoại sử dụng cấm chỉ	시험 시간에는 __휴대 전화 사용 금지__예요.
실수하다	mắc lỗi, sơ suất	thất thủ	처음에는 존댓말을 몰라서 자주 __실수했어요__.
칭찬하다	khen ngợi	xưng tán	선생님이 제 발음을 __칭찬하셨어요__.
야단을 맞다	bị mắng	nhạ đoan	늦게 들어와서 어머니께 __야단을 맞았어요__.
당황하다	lúng túng, bối rối	đường hoảng	갑자기 질문을 받아서 __당황했어요__.
# 15 | 한국 생활에 익숙해졌어요 | Tôi đã quen với cuộc sống ở Hàn Quốc
## Các mốc đời người | 인생
태어나다	sinh ra		저는 하노이에서 __태어났어요__.
입학하다	nhập học	nhập học	동생이 초등학교에 __입학했어요__.
친구를 사귀다	kết bạn		한국에서 좋은 __친구를 사귀었어요__.
사랑에 빠지다	phải lòng, yêu		두 사람은 첫눈에 __사랑에 빠졌어요__.
졸업하다	tốt nghiệp	tốt nghiệp	내년 2월에 대학교를 __졸업해요__.
취직하다	đi làm, tìm được việc	tựu chức	졸업 후에 무역 회사에 __취직했어요__.
결혼하다	kết hôn	kết hôn	언니가 다음 달에 __결혼해요__.
아기를 낳다	sinh con		언니가 지난달에 __아기를 낳았어요__.
승진하다	thăng chức	thăng tiến	아버지가 부장으로 __승진하셨어요__.
은퇴하다	giải nghệ, về hưu	ẩn thoái	아버지는 작년에 __은퇴하셨어요__.
죽다	chết, qua đời		키우던 강아지가 __죽어서__ 슬펐어요.
## Sự thay đổi & Phát triển | 변화
늘다	tăng lên		한국어 실력이 많이 __늘었어요__.
줄다	giảm đi		운동을 해서 몸무게가 __줄었어요__.
오르다	tăng, leo lên		물가가 많이 __올랐어요__.
내리다	giảm, xuống		다음 역에서 __내리세요__.
생기다	xuất hiện, nảy sinh, có (mới)		학교 앞에 새 카페가 __생겼어요__.
발전하다	phát triển	phát triển	이 도시는 빠르게 __발전했어요__.
익숙하다	quen thuộc		이제 한국 생활에 __익숙해졌어요__.
고생하다	vất vả, chịu khổ	khổ sinh	처음 한국에 와서 많이 __고생했어요__.
기대가 되다	kỳ vọng, mong chờ	kỳ đãi	다음 주 여행이 정말 __기대가 돼요__.
# 16 | 설날에는 밥 대신 떡국을 먹어요 | Ngày Tết ăn canh bánh gạo thay cơm
## Phong tục ngày lễ Tết | 명절 풍습
한복을 입다	mặc trang phục Hanbok	Hàn phục	설날에 __한복을 입었어요__.
고향에 가다	về quê	cố hương	추석에 __고향에 가요__.
세배를 하다	lạy chúc Tết	tuế bái	설날 아침에 할아버지께 __세배를 했어요__.
성묘를 하다	tảo mộ	tỉnh mộ	추석에 가족과 함께 __성묘를 했어요__.
차례를 지내다	cúng tổ tiên	trà lễ	추석 아침에 __차례를 지내요__.
윷놀이를 하다	chơi yutnori (tung que)		설날에 가족들과 __윷놀이를 했어요__.
## Món ăn ngày lễ Tết | 명절 음식
떡국	canh bánh gạo		설날에는 __떡국__을 먹어요.
빈대떡	bánh kếp đậu xanh (bindaetteok)		비 오는 날 __빈대떡__을 부쳐 먹었어요.
송편	bánh gạo hình bán nguyệt (Songpyeon)		추석에 가족과 __송편__을 만들었어요.
한과	bánh kẹo truyền thống	Hàn quả	명절 선물로 __한과__를 받았어요.
식혜	nước gạo ngọt (sikhye)	thực hê	명절에 할머니가 __식혜__를 만드셨어요.
## Công việc nhà | 집안일
방을 닦다	lau phòng	phòng	주말에 __방을 닦았어요__.
장을 보다	đi chợ mua thức ăn	trường	저녁 준비를 하려고 시장에서 __장을 봤어요__.
정리를 하다	sắp xếp, dọn dẹp	chỉnh lý	책상 위를 __정리를 했어요__.
설거지를 하다	rửa bát		밥을 먹고 제가 __설거지를 했어요__.
세탁기를 돌리다	bật máy giặt	tẩy trạc cơ	주말에 __세탁기를 돌렸어요__.
청소기를 돌리다	hút bụi (chạy máy hút bụi)	thanh tảo khí	주말 아침에 __청소기를 돌렸어요__.
# 17 | 비행기를 놓칠 뻔했어요 | Tôi suýt nữa thì nhỡ chuyến bay
## Sự cố & Tai nạn | 사고
잃어버리다	làm mất, đánh mất		지하철에서 지갑을 __잃어버렸어요__.
놓치다	bỏ lỡ, nhỡ (xe, máy bay)		늦게 일어나서 버스를 __놓쳤어요__.
넘어지다	vấp ngã		길이 미끄러워서 __넘어졌어요__.
부딪히다	va chạm, tông vào		자전거가 나무에 __부딪혔어요__.
떨어뜨리다	làm rơi		휴대폰을 바닥에 __떨어뜨렸어요__.
불이 나다	bị cháy, hỏa hoạn		어젯밤 옆 건물에 __불이 났어요__.
사고가 나다	xảy ra tai nạn	sự cố	눈길에서 __사고가 났어요__.
고장이 나다	bị hỏng hóc	cố chướng	컴퓨터가 __고장이 났어요__.
큰일이 나다	xảy ra chuyện lớn		지갑을 잃어버려서 __큰일이 났어요__.
## Màu sắc & Họa tiết | 색과 무늬
빨간색	màu đỏ	sắc	__빨간색__ 사과가 맛있어 보여요.
노란색	màu vàng	sắc	개나리는 __노란색__이에요.
까만색	màu đen	sắc	__까만색__ 구두를 샀어요.
하얀색	màu trắng	sắc	__하얀색__ 셔츠에 커피를 쏟았어요.
파란색	màu xanh dương	sắc	하늘이 __파란색__이에요.
꽃무늬	họa tiết hoa		__꽃무늬__ 원피스가 예뻐요.
줄무늬	họa tiết kẻ sọc		__줄무늬__ 티셔츠를 입었어요.
# 18 | 한국에 온 지 벌써 6개월이 되었어요 | Đến Hàn Quốc đã 6 tháng rồi
## Cảm xúc & Kỷ niệm | 감정
그립다	nhớ (nhung)		고향 음식이 너무 __그리워요__.
그리다	nhớ mong, hướng về (văn viết); vẽ		고향을 __그리며__ 노래를 불렀어요.
아쉽다	tiếc nuối		방학이 끝나서 __아쉬워요__.
정이 들다	nảy sinh tình cảm, gắn bó	tình	1년 동안 살아서 이 동네에 __정이 들었어요__.
후회가 되다	hối hận	hậu hối	그때 열심히 공부하지 않은 것이 __후회가 돼요__.
기억에 남다	đọng lại trong ký ức	ký ức	제주도 여행이 가장 __기억에 남아요__.
## Thời tiết & Thiên nhiên | 계절의 변화
꽃이 피다	hoa nở		봄이 되면 __꽃이 펴요__.
바람이 불다	gió thổi		__바람이 불어서__ 추워요.
건조하다	khô, hanh khô	can táo	겨울에는 날씨가 __건조해요__.
장마가 시작되다	mùa mưa dầm bắt đầu		다음 주부터 __장마가 시작돼요__.
태풍이 오다	bão đến	đài phong	__태풍이 와서__ 비행기가 취소됐어요.
습도가 높다	độ ẩm cao	thấp độ	여름에는 __습도가 높아서__ 더워요.
단풍이 들다	lá chuyển màu (mùa thu)	đan phong	10월에는 산에 __단풍이 들어요__.
나뭇잎이 떨어지다	lá cây rụng		가을이 되면 __나뭇잎이 떨어져요__.
쌀쌀하다	se lạnh		아침저녁으로 날씨가 __쌀쌀해요__.
얼음이 얼다	đóng băng		추워서 강에 __얼음이 얼었어요__.
눈이 내리다	tuyết rơi		밤새 __눈이 내렸어요__.
기온이 영하로 내려가다	nhiệt độ giảm xuống dưới 0 độ (âm)	khí ôn, linh hạ	내일은 __기온이 영하로 내려가요__.
